,Value,Value,Value,Value,Value,Value,Value,Value,Value,Value,Value,Value,Value,Value,Value,Value,Value,Value,Value,Value,Value,Value,Value,Value,Value,Value,Value,Value,Value,Value,Value,Value,Value
Code,C36159_BSICG,C36159_BSICT,C36159_DOZ,C36159_FOR10K,C36159_MDLNSAH,C36159_MDLSAAH,C36159_MLNSAH,C36159_MLSAAH,C36159_MTURN,C36159_NMLNSAH,C36159_NMLSAAH,C36159_SC,C36159_SCBT,C36159_SCMT,C36159_SCSA,C36159_SCSABT,C36159_SCSAMT,C36159_SCSATT,C36159_SCTT,C36159_SP,C36159_SPBT,C36159_SPFS,C36159_SPMT,C36159_SPTT,C36159_STLR,C4_HSAFRAL,C4_MSPAH,C4_MSPFAH,C4_MSPFCO,C4_MSPFSF,C4_PTPFHAH,C4_TURNAH,C4_USRAH
Date,,,,,,,,,,,,,,,,,,,,,,,,,,,,,,,,,
1996-04-30,,,,,,,,,,,,,,,,,,,,,,,,,,,90733.3,62.5223,58.1028,63.1525,,,
1996-05-31,,,,,,,,,,,,,,,,,,,,,,,,,,,88950.0,62.0292,56.0882,62.9386,,,
1996-06-30,,,,,,,,,,,,,,,,,,,,,,,,,,,90050.0,62.3889,55.2674,63.297,,,
1996-07-31,,,,,,,,,,,,,,,,,,,,,,,,,,,90991.5,62.5243,55.4199,63.3648,,,
1996-08-31,,,,,,,,,,,,,,,,,,,,,,,,,,,91766.55,62.9794,57.1134,63.6982,,,
1996-09-30,,,,,,,,,,,,,,,,,,,,,,,,,,,89899.95,63.1994,56.8783,63.8872,,,
1996-10-31,,,,,,,,,,,,,,,,,,,,,,,,,,,89100.0,63.0577,57.2081,63.7903,,,
1996-11-30,,,,,,,,,,,,,,,,,,,,,,,,,,,90251.0,63.7293,56.764,64.7672,,,
1996-12-31,,,,,,,,,,,,,,,,,,,,,,,,,,,89980.7,63.973,58.4204,64.7921,,,
1997-01-31,,,,,,,,,,,,,,,,,,,,,,,,,,,89825.8,63.9219,58.4668,64.6948,,,
1997-02-28,,,,,,,,,,,,,,,,,,,,,,,,,,,91033.85,64.0928,59.1305,64.8083,,,
1997-03-31,,,,,,,,,,,,,,,,,,,,,,,,,,,92346.65,64.3705,59.9563,64.923,,,
1997-04-30,,,,,,,,,,,,,,,,,,,,,,,,,,,92925.0,65.0241,61.6991,65.3394,,,
1997-05-31,,,,,,,,,,,,,,,,,,,,,,,,,,,93500.0,65.5834,62.5956,66.0855,,,
1997-06-30,,,,,,,,,,,,,,,,,,,,,,,,,,,94349.5,66.2299,61.5574,66.801,,,
1997-07-31,,,,,,,,,,,,,,,,,,,,,,,,,,,94599.65,66.3044,61.2322,66.9501,,,
1997-08-31,,,,,,,,,,,,,,,,,,,,,,,,,,,94824.85,66.4257,60.4102,67.0901,,,
1997-09-30,,,,,,,,,,,,,,,,,,,,,,,,,,,95425.0,66.7259,59.9498,67.6614,,,
1997-10-31,,,,,,,,,,,,,,,,,,,,,,,,,,,95300.0,66.7723,58.7311,67.9431,,,
1997-11-30,,,,,,,,,,,,,,,,,,,,,,,,,,,96115.0,66.6353,60.3252,67.6744,,,
1997-12-31,,,,,,,,,,,,,,,,,,,,,,,,,,,98635.0,67.2737,62.2826,67.9167,,,
1998-01-31,,,,,,,,,,,,,,,,,,,,,,,,,,2.7046,99315.0,68.1133,63.905,69.0314,2.3006,7.025,
1998-02-28,,,,,,,,,,,,,,,,,,,,,,,,,,2.5525,99970.0,69.0909,64.2549,69.8082,2.0896,7.0426,
1998-03-31,,,,,,,,,,,,,,,,,,,,,,,,,,2.3472,101239.0,69.4684,64.6169,70.2186,1.9766,7.0847,
1998-04-30,,,,,,,,,,,,,,,,,,,,,,,,,,2.5338,101241.0,69.9419,64.5951,70.5484,1.9204,7.1243,
1998-05-31,,,,,,,,,,,,,,,,,,,,,,,,,,2.6705,101585.0,70.285,64.6273,71.2318,1.9154,7.1209,
1998-06-30,,,,,,,,,,,,,,,,,,,,,,,,,,3.2311,103790.0,70.7956,65.2384,71.8155,1.7525,7.184,
1998-07-31,,,,,,,,,,,,,,,,,,,,,,,,,,3.3434,104900.0,71.2072,65.9179,71.9988,1.7391,7.2317,
1998-08-31,,,,,,,,,,,,,,,,,,,,,,,,,,3.6993,106275.0,71.108,65.0411,72.017,1.9805,7.2621,
1998-09-30,,,,,,,,,,,,,,,,,,,,,,,,,,3.5761,105537.5,71.3907,63.889,72.3301,2.3402,7.2904,
1998-10-31,,,,,,,,,,,,,,,,,,,,,,,,,,3.237,103662.5,71.6431,64.1333,72.5776,2.6746,7.3136,
1998-11-30,,,,,,,,,,,,,,,,,,,,,,,,,,3.5261,104625.0,72.7839,67.1165,73.5079,2.7281,7.3733,
1998-12-31,,,,,,,,,,,,,,,,,,,,,,,,,,3.081,103075.0,72.575,67.8029,73.2788,2.8104,7.4983,
1999-01-31,,,,,,,,,,,,,,,,,,,,,,,,,,2.9484,105825.0,73.462,67.9341,74.1803,2.8981,7.5343,
1999-02-28,,,,,,,,,,,,,,,,,,,,,,,,,,2.8981,106426.0,73.6387,70.0357,74.0717,2.641,7.6035,
1999-03-31,,,,,,,,,,,,,,,,,,,,,,,,,,3.0415,105238.2,73.6759,70.5431,74.0815,2.2678,7.6775,
1999-04-30,,,,,,,,,,,,,,,,,,,,,,,,,,2.7907,105977.8,74.1827,69.7131,74.6642,2.2751,7.7488,
1999-05-31,,,,,,,,,,,,,,,,,,,,,,,,,,2.8446,108155.0,75.1315,69.5634,75.8699,2.4612,7.7983,
1999-06-30,,,,,,,,,,,,,,,,,,,,,,,,,,2.9276,111620.0,76.0723,70.6625,76.789,2.3311,7.8723,
1999-07-31,,,,,,,,,,,,,,,,,,,,,,,,,,2.8972,111385.0,75.649,69.198,76.5386,2.4484,7.845,
1999-08-31,,,,,,,,,,,,,,,,,,,,,,,,,,2.9774,112600.0,76.066,70.117,76.7838,2.6472,7.9071,
1999-09-30,,,,,,,,,,,,,,,,,,,,,,,,,,2.7367,113150.0,76.6856,70.2008,77.5891,2.5304,7.9088,
1999-10-31,,,,,,,,,,,,,,,,,,,,,,,,,,2.5171,113575.0,77.3858,69.8415,78.4725,2.4846,7.9117,
1999-11-30,,,,,,,,,,,,,,,,,,,,,,,,,,2.341,113250.0,77.6474,69.7483,78.7263,2.6882,7.9311,
1999-12-31,,,,,,,,,,,,,,,,,,,,,,,,,,2.5044,111810.0,77.3516,68.9906,78.3714,3.0694,7.8605,
2000-01-31,,,,,,,,,,,,,,,,,,,,,,,,,,2.8897,110564.5,77.5075,69.2687,78.5747,3.177,7.8525,
2000-02-29,,,,,,,,,,,,,,,,,,,,,,,,,,2.7502,112485.5,78.3494,70.7856,79.5583,3.5791,7.8182,
2000-03-31,,,,,,,,,,,,,,,,,,,,,,,,,,2.622,113200.0,79.1226,73.2613,80.1723,3.3833,7.7703,
2000-04-30,,,,,,,,,,,,,,,,,,,,,,,,,,2.4341,114285.0,80.3225,74.38,81.2026,3.3912,7.6584,
2000-05-31,,,,,,,,,,,,,,,,,,,,,,,,,,2.085,116450.0,80.9509,75.0624,82.0681,2.8014,7.6393,
2000-06-30,,,,,,,,,,,,,,,,,,,,,,,,,,2.2192,118725.0,81.8929,75.5873,82.9332,2.5,7.5534,
2000-07-31,,,,,,,,,,,,,,,,,,,,,,,,,,2.1661,118525.0,82.2067,76.2133,83.2223,2.5281,7.4031,
2000-08-31,,,,,,,,,,,,,,,,,,,,,,,,,,2.3959,119125.0,82.6436,75.1677,83.555,2.5194,7.324,
2000-09-30,,,,,,,,,,,,,,,,,,,,,,,,,,2.5297,119625.0,82.6495,75.0423,83.3728,2.6719,7.2817,
2000-10-31,,,,,,,,,,,,,,,,,,,,,,,,,,2.5709,119441.0,82.9697,76.1707,83.6745,2.8286,7.2396,
2000-11-30,,,,,,,,,,,,,,,,,,,,,,,,,,2.5155,118608.7,83.2648,78.8132,83.8812,2.9714,7.1949,
2000-12-31,,,,,,,,,,,,,,,,,,,,,,,,,,2.3914,117132.3,82.3645,75.5636,83.2161,3.3933,7.1555,
2001-01-31,,,,,,,,,,,,,,,,,,,,,,,,,,2.6924,117050.0,83.016,73.5785,84.2294,3.233,7.1765,
2001-02-28,,,,,,,,,,,,,,,,,,,,,,,,,,2.5305,121025.0,84.6813,74.9519,85.8849,3.2539,7.1753,
2001-03-31,,,,,,,,,,,,,,,,,,,,,,,,,,1.8523,123575.0,86.0522,78.406,86.8982,3.2808,7.1485,
2001-04-30,,,,,,,,,,,,,,,,,,,,,,,,,,2.3404,123290.0,86.4379,79.653,87.1796,2.849,7.1981,
2001-05-31,,,,,,,,,,,,,,,,,,,,,,,,,,2.695,123810.0,86.2979,79.2583,87.2135,2.5102,7.2401,
2001-06-30,,,,,,,,,,,,,,,,,,,,,,,,,,3.0921,125765.0,86.8845,79.6515,87.8857,2.2379,7.2824,
2001-07-31,,,,,,,,,,,,,,,,,,,,,,,,,,2.9772,126360.0,87.2216,79.2146,88.0389,2.5851,7.4065,
2001-08-31,,,,,,,,,,,,,,,,,,,,,,,,,,3.3259,126166.0,87.4255,78.6167,88.2393,2.6308,7.5104,
2001-09-30,,,,,,,,,,,,,,,,,,,,,,,,,,3.0401,125458.7,87.7569,77.9907,88.6575,2.617,7.5092,
2001-10-31,,,,,,,,,,,,,,,,,,,,,,,,,,3.4424,124632.3,87.798,79.0354,88.6156,2.828,7.5532,
2001-11-30,,,,,,,,,,,,,,,,,,,,,,,,,,3.2842,125150.0,88.4152,79.9636,89.2187,2.9961,7.5539,
2001-12-31,,,,,,,,,,,,,,,,,,,,,,,,,,3.1101,125520.0,88.4183,80.6081,89.3393,3.0236,7.5655,
2002-01-31,,,,,,,,,,,,,,,,,,,,,,,,,,3.8206,124624.0,87.8586,81.2684,88.6112,3.4648,7.6347,
2002-02-28,,,,,,,,,,,,,,,,,,,,,,,,,,3.7618,124821.0,87.7641,79.6239,88.6775,4.1382,7.6574,
2002-03-31,,,,,,,,,,,,,,,,,,,,,,,,,,3.764,125700.0,88.3372,81.0094,89.0935,4.6087,7.6439,
2002-04-30,,,,,,,,,,,,,,,,,,,,,,,,,,4.0666,128050.0,89.3079,81.5481,90.1148,4.5166,7.69,
2002-05-31,,,,,,,,,,,,,,,,,,,,,,,,,,4.4792,129440.0,90.1695,83.2932,90.8167,4.091,7.6995,
2002-06-30,,,,,,,,,,,,,,,,,,,,,,,,,,4.2509,133235.0,91.0893,82.3071,92.2412,3.9271,7.6311,
2002-07-31,,,,,,,,,,,,,,,,,,,,,,,,,,3.9849,134775.0,91.6972,82.748,92.7935,3.9118,7.6149,
2002-08-31,,,,,,,,,,,,,,,,,,,,,,,,,,4.1062,135225.0,91.9931,83.4024,93.0294,3.8443,7.5776,
2002-09-30,,,,,,,,,,,,,,,,,,,,,,,,,,3.689,134950.0,92.1837,85.0072,93.098,3.3822,7.6347,
2002-10-31,,,,,,,,,,,,,,,,,,,,,,,,,,3.9462,134925.0,92.4823,85.2607,93.358,3.1206,7.7323,
2002-11-30,,,,,,,,,,,,,,,,,,,,,,,,,,3.5992,136907.0,92.7598,85.1383,93.8355,3.4844,7.7928,
2002-12-31,,,,,,,,,,,,,,,,,,,,,,,,,,3.5828,139993.0,93.5405,87.4276,94.3378,3.4324,7.9359,
2003-01-31,,,,,,,,,,,,,,,,,,,,,,,,,,3.8374,140633.0,93.2596,87.5641,94.0222,3.4559,7.9884,
2003-02-28,,,,,,,,,,,,,,,,,,,,,,,,,,4.0361,139592.0,92.3159,86.266,92.9744,3.2061,8.1453,
2003-03-31,,,,,,,,,,,,,,,,,,,,,,,,,,4.0419,139475.0,91.9361,88.384,92.3163,3.1162,8.4151,
2003-04-30,,,,,,,,,,,,,,,,,,,,,,,,,,4.2912,140025.0,92.6712,90.6146,92.8326,2.8699,8.7156,
2003-05-31,,,,,,,,,,,,,,,,,,,,,,,,,,4.6033,140175.0,93.5423,92.1889,93.6057,3.0547,8.9745,
2003-06-30,,,,,,,,,,,,,,,,,,,,,,,,,,4.7176,142575.0,95.1401,92.4629,95.3291,3.3829,9.0538,
2003-07-31,,,,,,,,,,,,,,,,,,,,,,,,,,4.8708,145180.0,96.2485,93.2604,96.6172,3.4367,9.2104,
2003-08-31,,,,,,,,,,,,,,,,,,,,,,,,,,4.6204,147221.0,96.9367,92.742,97.5636,3.3519,9.386,
2003-09-30,,,,,,,,,,,,,,,,,,,,,,,,,,4.8351,146328.0,97.1303,90.5116,97.9753,3.352,9.5588,
2003-10-31,,,,,,,,,,,,,,,,,,,,,,,,,,5.1802,143386.0,97.0253,90.0598,97.7654,3.8475,9.7123,
2003-11-30,,,,,,,,,,,,,,,,,,,,,,,,,,4.7211,142550.0,96.9732,89.599,97.8426,4.1998,9.7314,
2003-12-31,,,,,,,,,,,,,,,,,,,,,,,,,,4.3326,143910.0,97.2651,91.7718,98.0611,4.6915,9.7604,
2004-01-31,,,,,,,,,,,,,,,,,,,,,,,,,,5.119,145857.5,97.6495,92.5656,98.4173,4.7315,9.8018,
2004-02-29,,,,,,,,,,,,,,,,,,,,,,,,,,4.887,146717.5,98.3728,93.2039,99.1572,5.0588,9.8129,
2004-03-31,,,,,,,,,,,,,,,,,,,,,,,,,,4.8809,149321.0,99.741,96.4281,100.1593,4.7962,9.8513,
2004-04-30,,,,,,,,,,,,,,,,,,,,,,,,,,4.4358,150084.2,100.1399,98.7775,100.2748,4.1988,9.7841,
2004-05-31,,,,,,,,,,,,,,,,,,,,,,,,,,4.332,152712.8,101.6287,99.0886,102.0543,3.7635,9.7428,
2004-06-30,,,,,,,,,,,,,,,,,,,,,,,,,,4.0025,156728.7,103.7449,102.2504,104.0404,3.6109,10.0791,
2004-07-31,,,,,,,,,,,,,,,,,,,,,,,,,,3.7364,158747.3,104.7675,101.5753,105.32,3.8332,10.2867,
2004-08-31,,,,,,,,,,,,,,,,,,,,,,,,,,3.8374,159600.0,105.6237,102.977,106.1307,3.9075,10.4572,
2004-09-30,,,,,,,,,,,,,,,,,,,,,,,,,,3.2489,159815.0,106.8782,104.27,107.3005,4.0782,10.6313,
2004-10-31,,,,,,,,,,,,,,,,,,,,,,,,,,2.9569,159985.0,108.627,107.4238,108.7934,3.8799,10.7304,
2004-11-30,,,,,,,,,,,,,,,,,,,,,,,,,,2.9031,162750.0,110.4756,111.2296,110.4086,3.8095,10.9915,
2004-12-31,,,,,,,,,,,,,,,,,,,,,,,,,,2.8471,165925.0,111.7034,111.231,111.8218,3.6691,11.2717,
2005-01-31,,,,,,,,,,,,,,,,,,,,,,,,,,2.7209,168266.0,113.4539,113.107,113.4848,3.609,11.4709,
2005-02-28,,,,,,,,,,,,,,,,,,,,,,,,,,2.4965,170448.7,115.6267,116.2012,115.5205,3.4686,11.5908,
2005-03-31,,,,,,,,,,,,,,,,,,,,,,,,,,2.3196,175542.3,119.2665,120.6265,119.0597,3.3209,11.8492,
2005-04-30,,,,,,,,,,,,,,,,,,,,,,,,,,1.9929,182636.5,124.3998,123.5529,124.5121,2.9252,12.031,
2005-05-31,,,,,,,,,,,,,,,,,,,,,,,,,,1.8255,192587.05,129.6739,129.5321,129.673,2.74,12.2824,
2005-06-30,,,,,,,,,,,,,,,,,,,,,,,,,,1.4397,204085.85,135.8663,133.8485,136.4583,2.6212,12.4606,
2005-07-31,,,,,,,,,,,,,,,,,,,,,,,,,,1.1792,213167.6,141.5296,140.4609,141.8975,2.3965,12.5271,
2005-08-31,,,,,,,,,,,,,,,,,,,,,,,,,,1.0166,219100.0,145.2875,143.4028,145.6531,2.2301,12.7208,
2005-09-30,,,,,,,,,,,,,,,,,,,,,,,,,,0.9309,223850.0,150.1271,148.1275,150.5917,1.8649,12.9086,
2005-10-31,,,,,,,,,,,,,,,,,,,,,,,,,,0.7861,225215.0,152.2843,147.7978,153.1536,1.739,12.998,
2005-11-30,,,,,,,,,,,,,,,,,,,,,,,,,,0.7522,227785.0,157.5474,166.1725,155.6627,1.715,13.0802,
2005-12-31,,,,,,,,,,,,,,,,,,,,,,,,,,0.6449,227404.5,157.404,172.1791,154.5737,1.752,13.0798,
2006-01-31,,,,,,,,,,,,,,,,,,,,,,,,,,0.7068,228708.15,159.2468,175.4339,155.6248,1.6243,13.0524,
2006-02-28,,,,,,,,,,,,,,,,,,,,,,,,,,0.5995,232042.85,160.9929,174.8985,157.7258,1.4734,12.979,190.8
2006-03-31,,,,,,,,,,,,,,,,,,,,,,,,,,0.4734,233511.55,162.8662,177.1825,159.7654,1.3349,12.801,193.5
2006-04-30,,,,,,,,,,,,,,,,,,,,,,,,,,0.4764,234964.75,164.9514,180.8045,161.3684,1.2974,12.6011,196.6
2006-05-31,,,,,,,,,,,,,,,,,,,,,,,,,,0.5707,237608.2,167.6652,182.588,164.1661,1.2144,12.3999,199.0
2006-06-30,,,,,,,,,,,,,,,,,,,,,,,,,,0.6554,239150.0,168.3718,181.4495,165.4209,1.2905,12.1942,200.9
2006-07-31,,,,,,,,,,,,,,,,,,,,,,,,,,0.5645,238532.5,168.5223,181.2694,166.0974,1.2711,11.9082,202.3
2006-08-31,,,,,,,,,,,,,,,,,,,,,,,,,,0.6353,236520.25,168.1157,179.8446,165.4745,1.1085,11.5835,203.7
2006-09-30,,,,,,,,,,,,,,,,,,,,,,,,,,0.6673,235362.25,166.355,179.618,163.3862,1.03,11.2721,204.5
2006-10-31,,,,,,,,,,,,,,,,,,,,,,,,,,0.9244,238000.0,165.5879,180.5929,162.7677,1.0481,11.1,204.9
2006-11-30,,,,,,,,,,,,,,,,,,,,,,,,,,1.4485,239540.0,166.1304,177.8829,163.8166,1.1223,10.8682,204.9
2006-12-31,,,,,,,,,,,,,,,,,,,,,,,,,,1.8625,240108.0,166.2351,179.4546,163.6128,1.1393,10.6714,205.5
2007-01-31,,,,,,,,,,,,,,,,,,,,,,,,,,2.675,239982.0,165.1495,181.6389,161.6287,1.2341,10.5989,206.1
2007-02-28,,,,,,,,,,,,,,,,,,,,,,,,,,3.0053,240000.0,164.9491,181.3176,161.4667,1.4109,10.4838,206.9
2007-03-31,,,,,,,,,,,,,,,,,,,,,,,,,,4.0228,243433.0,167.2731,183.8698,162.7604,1.6127,10.2195,208.8
2007-04-30,,,,,,,,,,,,,,,,,,,,,,,,,,4.1823,243853.1,170.0115,186.6821,164.6788,1.8808,10.002,210.4
2007-05-31,,,,,,,,,,,,,,,,,,,,,,,,,,4.494,242044.9,170.1795,184.6826,165.7611,1.8231,9.7133,213.6
2007-06-30,,,,,,,,,,,,,,,,,,,,,,,,,,4.9968,242935.0,168.4954,181.9516,164.5435,2.1715,9.3538,217.1
2007-07-31,,,,,,,,,,,,,,,,,,,,,,,,,,6.1155,244250.0,168.2988,183.5718,163.858,2.3971,9.1604,222.0
2007-08-31,,,,,,,,,,,,,,,,,,,,,,,,,,8.3762,243847.0,166.6158,185.5786,160.9572,2.5351,8.9058,229.0
2007-09-30,,,,,,,,,,,,,,,,,,,,,,,,,,9.3735,242382.4,162.8134,181.5253,157.9367,2.6748,8.6003,235.8
2007-10-31,,,,,,,,,,,,,,,,,,,,,,,,,,10.8461,239886.75,158.8122,180.4009,154.0713,3.2327,8.3421,244.8
2007-11-30,,,,,,,,,,,,,,,,,,,,,,,,,,12.0902,244506.85,158.3876,185.5231,152.1692,4.4722,8.131,254.4
2007-12-31,,,,,,,,,,,,,,,,,,,,,,,,,,13.5817,245700.0,155.703,180.5159,149.3271,6.1077,7.8496,265.5
2008-01-31,,,,8.17,,,,,,,,,,,,,,,,,,,,,,16.4679,244250.0,152.0955,177.127,146.7811,8.6662,7.6456,277.2
2008-02-29,,,,9.26,,,,,,,,,,,,,,,,,,,,,,19.7417,235450.0,151.8505,170.5133,147.4918,11.9282,7.4836,290.1
2008-03-31,,,,9.89,,,,,0.0032,,,1302.0,484.0,365.0,1383.0,482.0,384.0,291.0,238.0,221500.0,156900.0,,244300.0,465500.0,,21.1023,233600.0,151.1553,171.106,146.6443,15.9634,7.1867,302.6
2008-04-30,,,,13.97,,,,,0.0039,,,1580.0,573.0,413.0,1341.0,487.0,349.0,260.0,314.0,212600.0,147400.0,,240300.0,428200.0,,24.9082,232950.0,147.8332,165.8959,143.9497,19.7052,7.098,315.9
2008-05-31,,,,14.8,,,,,0.0042,,,1721.0,628.0,502.0,1400.0,526.0,372.0,257.0,335.0,204600.0,137300.0,,233500.0,413900.0,,29.5472,236800.0,149.3261,176.553,142.9354,21.6656,7.0939,328.6
2008-06-30,,,,15.06,,,,,0.0044,,,1810.0,746.0,432.0,1519.0,598.0,380.0,280.0,346.0,195700.0,136200.0,,229900.0,412900.0,,35.0673,233950.0,150.5142,172.3475,143.8681,24.5888,7.1086,341.1
2008-07-31,,,,19.41,,,,,0.0048,,,2007.0,910.0,471.0,1652.0,705.0,397.0,307.0,399.0,186600.0,134800.0,,225700.0,403100.0,,40.65,233778.0,148.0575,171.2253,141.9897,31.4992,7.2143,352.5
2008-08-31,,,,17.92,,,,,0.0046,,,1915.0,879.0,416.0,1733.0,789.0,384.0,313.0,321.0,176200.0,131400.0,,224300.0,386100.0,,41.7152,228094.6,143.6006,165.8502,137.4107,37.4584,7.266,361.6
2008-09-30,,,,19.51,,,,,0.0049,,,2027.0,1020.0,451.0,1898.0,914.0,413.0,324.0,296.0,167300.0,126400.0,,219900.0,367100.0,,43.4187,215733.4,138.1364,160.783,131.7251,40.8116,7.4937,370.4
2008-10-31,,,,22.2,,,,,0.0052,,,2137.0,1098.0,396.0,1986.0,996.0,410.0,321.0,353.0,154700.0,116600.0,,215600.0,380500.0,,45.23,214650.0,135.4691,161.2775,127.3378,45.1488,7.6934,378.0
2008-11-30,,,,18.88,,,,,0.0036,,,1514.0,894.0,222.0,2015.0,1051.0,386.0,314.0,202.0,140000.0,104300.0,,210900.0,381200.0,,42.6243,212992.0,129.0764,157.0646,122.7644,52.6998,7.7512,381.6
2008-12-31,,,,18.86,,,,,0.0052,,,2135.0,1327.0,295.0,2100.0,1188.0,345.0,289.0,225.0,122700.0,88500.0,,205700.0,377600.0,,39.6838,206273.9,123.931,156.7282,115.9113,59.4999,7.8588,387.4
2009-01-31,,,,21.61,,,,,0.0046,,,1905.0,1221.0,242.0,2183.0,1291.0,329.0,252.0,171.0,107500.0,76900.0,,201300.0,354100.0,,40.6797,201338.1,120.3577,165.2283,108.8845,64.6849,8.0191,388.7
2009-02-28,,,,23.16,,,,,0.0053,,,2205.0,1408.0,288.0,2404.0,1458.0,342.0,240.0,195.0,92700.0,65300.0,,197800.0,359400.0,,47.2527,197350.0,117.4245,154.3166,108.8185,67.7469,8.3036,389.6
2009-03-31,,,,15.72,,,,,0.007,,,2917.0,1984.0,376.0,2535.0,1588.0,349.0,225.0,217.0,81600.0,56400.0,,193600.0,351200.0,,41.9538,184750.0,110.2189,143.6493,103.6573,70.0805,8.4081,388.9
2009-04-30,,,,14.26,,,,,0.0077,,,3204.0,2110.0,369.0,2735.0,1790.0,339.0,246.0,340.0,74500.0,51100.0,,189600.0,353200.0,,35.4285,172300.0,105.2682,128.8255,99.6295,70.6572,8.4359,387.7
2009-05-31,,,,17.12,,,,,0.0078,,,3251.0,2113.0,436.0,2854.0,1937.0,344.0,262.0,348.0,73600.0,50200.0,,184200.0,338900.0,,34.3193,167700.0,102.5705,124.1592,97.7915,69.5411,8.4703,384.7
2009-06-30,,,,21.3,,,,,0.0095,,,3939.0,2180.0,609.0,3088.0,1973.0,398.0,381.0,672.0,81300.0,55300.0,,179900.0,374900.0,,41.8133,168200.0,100.7553,116.5057,97.3883,66.2722,8.7216,383.2
2009-07-31,,,,23.52,,,,,0.0089,,,3663.0,2068.0,615.0,3232.0,1956.0,470.0,430.0,499.0,88200.0,60300.0,0.2479,175500.0,367400.0,,48.0144,163800.0,97.1753,107.9012,95.3564,62.4709,8.9627,381.9
2009-08-31,,,,16.37,,,,,0.0071,,,2951.0,1579.0,512.0,3180.0,1807.0,505.0,448.0,371.0,95100.0,64900.0,0.2372,171100.0,356600.0,,43.4826,155725.0,94.8514,104.3174,92.9915,59.0973,9.0778,380.4
2009-09-30,,,,17.55,,,,,0.007,,,2881.0,1548.0,530.0,3020.0,1684.0,511.0,393.0,361.0,95600.0,65900.0,0.2235,166400.0,322200.0,,38.797,147781.0,90.4932,101.4917,88.4244,56.1625,9.1013,379.6
2009-10-31,,,,19.15,,,,,0.0071,,,2954.0,1491.0,581.0,2865.0,1529.0,528.0,359.0,352.0,97400.0,66900.0,0.2072,160200.0,311200.0,,41.7581,141150.0,87.2913,95.5525,85.724,52.1311,9.2422,379.3
2009-11-30,,,,15.28,,,,,0.0065,,,2701.0,1189.0,586.0,3060.0,1473.0,644.0,451.0,455.0,104200.0,70100.0,0.1892,156300.0,340600.0,,40.3609,141575.0,87.9065,97.5471,86.4735,47.6959,9.5107,379.3
2009-12-31,,,,18.11,,,,,0.0072,,,2952.0,1424.0,575.0,3151.0,1466.0,679.0,459.0,381.0,105000.0,68200.0,0.2161,154300.0,338400.0,,45.5017,131025.0,83.2747,90.1558,82.3379,47.174,9.7377,380.1
2010-01-31,,,105.0,17.24,,,,,0.0053,,,2196.0,1013.0,395.0,3083.0,1355.0,675.0,462.0,255.0,105100.0,68200.0,0.2186,152900.0,337100.0,0.9375,44.6671,123600.0,78.2269,83.2963,77.0676,49.6326,9.8548,381.0
2010-02-28,,,106.5,17.0,,,,,0.0058,,,2378.0,1095.0,463.0,2887.0,1302.0,589.0,406.0,369.0,102200.0,65400.0,0.2279,149600.0,326000.0,0.93189964157706,43.2991,125000.0,79.0861,82.531,78.2876,50.0568,9.9277,381.4
2010-03-31,,,111.0,19.44,,,,,0.0078,,,3218.0,1508.0,662.0,2815.0,1249.0,582.0,398.0,428.0,102600.0,65000.0,0.2113,148400.0,324800.0,0.93165292749947,47.523,128500.0,81.8788,81.9286,81.873,50.259,10.0318,381.9
2010-04-30,,,108.0,17.96,,,,,0.0077,,,3107.0,1456.0,674.0,2864.0,1322.0,587.0,402.0,417.0,102700.0,62700.0,0.2063,150400.0,332100.0,0.92519328304138,45.9105,132500.0,84.9508,83.4732,85.2194,49.4889,9.9999,385.3
2010-05-31,,,101.0,16.61,,,,,0.0075,,,3080.0,1359.0,718.0,2866.0,1349.0,600.0,375.0,445.0,102000.0,61500.0,0.2042,152000.0,312100.0,0.93918398768283,42.9311,133056.5,84.7646,82.5994,85.0869,48.2099,9.9412,385.8
2010-06-30,,,101.0,18.33,,,,,0.008,,,3313.0,1433.0,716.0,2827.0,1310.0,595.0,383.0,498.0,103100.0,63500.0,0.1908,151500.0,307100.0,0.93135888501742,43.1183,132914.55,83.4243,82.0397,83.5571,44.9671,9.8369,386.2
2010-07-31,,,87.0,20.12,,,,,0.0064,,,2652.0,1186.0,474.0,2687.0,1221.0,536.0,368.0,364.0,101700.0,63800.0,0.1882,148800.0,298800.0,0.92921423642812,46.8452,129250.85,80.8059,79.1725,81.219,44.6482,9.6709,386.6
2010-08-31,,,84.0,21.16,,,,,0.0066,,,2750.0,1205.0,502.0,2624.0,1185.0,490.0,364.0,388.0,97600.0,62600.0,0.1793,149800.0,305200.0,0.92159600099075,49.5013,128592.1,79.2219,76.663,79.9511,45.6337,9.72,388.4
2010-09-30,,,98.0,21.81,,,,,0.0069,,,2870.0,1275.0,514.0,2641.0,1192.0,461.0,385.0,440.0,95200.0,60200.0,0.1969,147500.0,320800.0,0.91277890466531,49.8796,127636.8,79.1711,73.194,80.902,47.9085,9.7523,389.4
2010-10-31,,,95.0,19.78,,,,,0.0063,,,2601.0,1135.0,490.0,2683.0,1198.0,488.0,392.0,351.0,94000.0,57800.0,0.2011,144700.0,325600.0,0.91358356110894,45.2367,128837.2,79.966,72.0965,81.5586,50.5045,9.619,389.5
2010-11-30,5.31,0.09,88.0,14.41,,,,,0.006,,,2466.0,1243.0,418.0,2843.0,1280.0,529.0,413.0,308.0,90400.0,58000.0,0.2145,142500.0,318100.0,0.91190994371482,34.9208,126171.75,78.2189,72.8214,79.2429,52.4815,9.4067,387.0
2010-12-31,6.25,0.19,101.0,16.54,,,,,0.0072,,,2982.0,1545.0,503.0,2948.0,1410.0,544.0,395.0,389.0,84900.0,54900.0,0.2552,142300.0,298700.0,0.89884616780155,32.6598,127080.75,78.901,76.9125,79.3596,53.6538,9.2614,384.7
2011-01-31,6.88,0.28,110.0,20.6,,,,,0.0063,,,2617.0,1229.0,436.0,3174.0,1503.0,591.0,467.0,401.0,84100.0,54800.0,0.2327,142100.0,309800.0,0.89742840444185,38.4739,118465.0,74.3172,70.1952,75.5774,53.4123,9.3744,382.6
2011-02-28,6.88,0.38,105.0,16.54,,,,,0.0064,,,2635.0,1307.0,446.0,3170.0,1505.0,576.0,476.0,365.0,83600.0,52100.0,0.2474,139900.0,309900.0,0.8922691343744,43.5812,116485.0,73.4673,67.6819,74.7323,52.5308,9.473,380.6
2011-03-31,6.56,0.47,110.0,18.59,,,,,0.009,,,3709.0,1853.0,653.0,3240.0,1515.0,592.0,464.0,425.0,83600.0,53200.0,0.2405,138800.0,311700.0,0.89717223650386,47.7069,115950.0,73.3588,73.4282,73.2427,53.3943,9.4826,377.8
2011-04-30,6.88,0.57,98.0,14.97,,,,,0.0085,,,3518.0,1704.0,617.0,3241.0,1583.0,560.0,407.0,442.0,80500.0,51800.0,0.2231,138900.0,304500.0,0.91262978576588,47.9068,115950.0,73.0055,73.4788,72.727,52.6506,9.4818,374.2
2011-05-31,6.56,0.66,93.0,14.41,,,,,0.0086,,,3534.0,1769.0,668.0,3280.0,1661.0,566.0,375.0,420.0,79800.0,51800.0,0.1927,137100.0,301200.0,0.92923516797713,45.9128,115265.0,72.4224,75.7166,71.9954,50.9181,9.4794,369.2
2011-06-30,6.88,0.75,88.0,12.4,,,,,0.0091,,,3788.0,1758.0,733.0,3225.0,1612.0,569.0,397.0,550.0,81500.0,52100.0,0.18,136400.0,298500.0,0.93955129832082,41.8896,130216.15,80.9371,77.4335,81.2584,47.7886,9.5325,362.2
2011-07-31,6.56,0.85,84.0,10.86,,,,,0.0075,,,3133.0,1429.0,629.0,3107.0,1521.0,572.0,397.0,435.0,83700.0,54300.0,0.1692,135400.0,287500.0,0.94972067039106,36.577,134566.4,82.4684,74.7239,83.4254,46.433,9.5727,352.7
2011-08-31,7.19,0.94,87.0,10.03,,,,,0.0085,,,3454.0,1534.0,727.0,3126.0,1463.0,608.0,420.0,455.0,86200.0,55900.0,0.1685,133600.0,284500.0,0.95461411700082,34.3338,129645.6,80.4559,73.9392,81.2908,45.1841,9.6279,344.0
2011-09-30,7.19,1.51,81.0,8.9,,,,,0.0072,,,2954.0,1258.0,620.0,3034.0,1367.0,610.0,430.0,447.0,88700.0,57200.0,0.1405,131800.0,284200.0,0.95397752496483,30.5316,128927.85,79.1427,73.3763,80.2642,42.8222,9.6013,332.7
2011-10-31,7.19,1.98,83.0,6.55,,,,,0.0068,,,2821.0,1206.0,648.0,3000.0,1320.0,646.0,435.0,411.0,91000.0,57900.0,0.1439,130300.0,279100.0,0.95976459081634,26.2836,126990.0,78.334,72.4944,79.8387,41.5159,9.5995,322.2
2011-11-30,6.88,2.26,82.0,6.79,,,,,0.0066,,,2703.0,1107.0,563.0,3041.0,1248.0,685.0,491.0,431.0,94500.0,58300.0,0.1088,132200.0,286100.0,0.95943097997893,24.8984,129085.0,79.007,70.1277,81.686,37.869,9.6488,312.3
2011-12-31,6.88,2.83,85.0,8.03,,,,,0.0067,,,2822.0,1173.0,658.0,3060.0,1247.0,721.0,491.0,446.0,96800.0,56200.0,0.1042,133600.0,290400.0,0.95755464048147,26.3484,127750.0,79.2824,68.2138,82.1729,33.5082,9.8634,302.8
2012-01-31,7.19,3.77,90.5,8.27,,,,,0.0059,,,3180.0,1802.0,542.0,3447.0,1540.0,767.0,528.0,368.0,91500.0,51200.0,0.0858,135300.0,294900.0,0.96260567043829,26.61,128950.0,80.0607,72.7523,81.9172,32.6508,9.8126,293.2
2012-02-29,7.19,4.81,99.0,5.56,,,,,0.0061,,,3347.0,1932.0,619.0,3618.0,1814.0,754.0,512.0,443.0,85800.0,46200.0,0.089,135200.0,297000.0,0.96470588235294,23.6494,129500.0,80.8105,73.5064,81.7267,30.9385,9.7963,284.2
2012-03-31,7.5,5.94,83.0,7.25,,,,,0.0071,,,3830.0,2104.0,768.0,3783.0,2037.0,749.0,517.0,547.0,81200.0,43500.0,0.0731,135200.0,296700.0,0.97266711435687,22.0806,132415.0,82.0612,75.3265,83.0888,27.254,9.7346,275.7
2012-04-30,7.5,6.51,78.0,4.79,,,,,0.0069,,,3646.0,1887.0,721.0,3588.0,1941.0,696.0,513.0,567.0,84700.0,43100.0,0.0661,135100.0,306800.0,0.97886540600667,19.2252,139060.0,87.6499,79.6002,88.7765,26.5714,9.5694,266.4
2012-05-31,7.19,6.98,81.0,6.62,,,,,0.0076,,,3964.0,1829.0,811.0,3483.0,1816.0,672.0,554.0,807.0,93300.0,43600.0,0.056,135500.0,322400.0,1.0,19.3101,146310.0,91.1824,84.5545,92.2074,26.9052,9.4928,257.9
2012-06-30,7.81,7.26,78.0,5.34,,,,,0.0074,,,3963.0,1960.0,808.0,3442.0,1749.0,660.0,583.0,706.0,97100.0,43800.0,0.0487,139100.0,334100.0,1.0,18.4088,151098.5,93.8678,88.59,95.0648,23.4284,9.3793,250.5
2012-07-31,8.12,7.36,76.0,6.09,,,,,0.0071,,,3853.0,1951.0,799.0,3507.0,1766.0,683.0,622.0,690.0,101800.0,44900.0,0.0449,142400.0,339600.0,0.99213820284123,18.8966,153175.0,95.4776,93.3926,96.1443,21.2826,9.4437,245.5
2012-08-31,8.12,7.55,76.0,6.94,,,,,0.0081,,,4204.0,1990.0,884.0,3630.0,1833.0,727.0,649.0,814.0,104300.0,46500.0,0.0376,145100.0,346300.0,1.0,22.0745,149750.0,94.8601,89.6904,96.1769,18.603,9.524,240.3
2012-09-30,7.81,8.02,77.0,5.63,,,,,0.0061,,,3389.0,1787.0,676.0,3635.0,1857.0,726.0,639.0,512.0,106600.0,48200.0,0.0466,145500.0,348000.0,0.9866220735786,20.5651,148465.0,96.6666,84.4269,99.1621,17.8396,9.452,236.6
2012-10-31,7.5,8.4,73.0,5.44,,,,,0.007,,,3729.0,1755.0,757.0,3680.0,1829.0,749.0,659.0,689.0,111500.0,50800.0,0.0507,147600.0,357800.0,0.99535346676031,19.2391,152435.0,97.0552,85.4195,99.5668,16.5298,9.5703,233.2
2012-11-30,7.19,8.21,83.0,4.01,,,,,0.0064,,,3398.0,1603.0,703.0,3774.0,1798.0,806.0,713.0,668.0,115700.0,52600.0,0.0403,151600.0,348800.0,0.98153846153846,17.0204,151850.0,97.5115,82.8861,100.7508,15.7766,9.565,230.0
2012-12-31,8.12,7.74,86.0,3.99,,,,,0.0066,,,3486.0,1682.0,658.0,3885.0,1803.0,823.0,753.0,624.0,119900.0,54000.0,0.0473,153900.0,365000.0,0.975,14.6375,148550.0,97.1408,84.386,100.0268,17.2484,9.5335,227.2
2013-01-31,8.12,6.79,88.0,4.33,4176.0,4224.0,6215.0,6113.0,0.006,1938.0,1868.0,3229.0,1575.0,597.0,3990.0,1822.0,859.0,788.0,557.0,122600.0,55600.0,0.0511,154700.0,368300.0,0.97307692307692,12.7253,147250.0,97.2456,85.8266,99.8283,17.9663,9.4309,223.4
2013-02-28,7.81,6.6,90.0,3.7,4118.0,4127.0,5702.0,5842.0,0.0057,1855.0,1829.0,3246.0,1714.0,646.0,3840.0,1834.0,792.0,704.0,539.0,120800.0,56800.0,0.0385,155800.0,369400.0,0.96652083333333,11.7688,154215.0,99.3069,89.5283,101.8415,16.7084,9.3248,219.7
2013-03-31,7.81,7.17,86.0,3.43,4221.0,4097.0,5857.0,5702.0,0.0071,1993.0,1753.0,3909.0,1947.0,783.0,3789.0,1823.0,791.0,669.0,628.0,122600.0,55700.0,0.0356,159500.0,352000.0,0.97449908925319,11.2324,162435.0,103.5794,90.7739,106.0413,15.8257,9.0512,216.0
2013-04-30,7.19,7.64,78.0,3.87,4150.0,4099.0,6177.0,5868.0,0.0075,1893.0,1771.0,3979.0,1844.0,853.0,3678.0,1801.0,750.0,616.0,702.0,123500.0,54500.0,0.0374,164400.0,344600.0,0.97571385028486,10.7973,167765.0,106.8041,92.9832,109.5435,15.0418,8.9632,212.4
2013-05-31,7.5,8.68,62.0,2.39,4160.0,4119.0,6430.0,6051.0,0.0081,2175.0,1900.0,4321.0,1969.0,959.0,3716.0,1796.0,756.0,652.0,928.0,129300.0,53900.0,0.0349,167700.0,353400.0,0.98098098098098,11.4913,172125.0,110.5392,94.0315,113.5979,14.1815,8.8565,209.0
2013-06-30,7.5,9.25,63.0,2.35,4182.0,4241.0,6038.0,6154.0,0.0069,1951.0,2005.0,3865.0,1868.0,873.0,3622.0,1750.0,758.0,661.0,722.0,133800.0,55100.0,0.0272,169900.0,360000.0,0.98065086806439,9.185,179600.0,113.0334,97.8777,116.4501,13.8247,8.6391,204.4
2013-07-31,7.5,9.53,66.0,1.91,4278.0,4443.0,6323.0,6299.0,0.007,2186.0,2095.0,3839.0,1913.0,864.0,3580.0,1770.0,761.0,675.0,743.0,137600.0,56600.0,0.031,172800.0,364400.0,0.97855089131685,8.0658,180122.5,114.8842,101.1428,118.2617,13.1105,8.4824,200.4
2013-08-31,7.81,9.15,67.0,2.35,4474.0,4673.0,6216.0,6446.0,0.0069,2152.0,2099.0,3848.0,1889.0,854.0,3488.0,1762.0,755.0,636.0,704.0,137700.0,57300.0,0.019,175700.0,367400.0,0.97668594945063,7.2018,180010.0,115.6334,109.7474,117.3054,12.9616,8.1933,196.0
2013-09-30,7.81,8.11,70.0,2.25,4738.0,4911.0,6345.0,6729.0,0.006,1883.0,2109.0,3340.0,1764.0,704.0,3505.0,1806.0,745.0,631.0,539.0,137800.0,59900.0,0.0183,181100.0,376200.0,0.97379310344828,7.2123,179125.0,114.3679,105.0283,116.9805,12.0804,8.075,191.0
2013-10-31,7.5,6.32,74.0,2.35,5344.0,5188.0,7492.0,7145.0,0.0061,2470.0,2228.0,3372.0,1738.0,634.0,3435.0,1784.0,707.0,618.0,636.0,138000.0,63300.0,0.0208,183100.0,387400.0,0.96774193548387,7.146,173800.0,114.1644,101.4385,116.2398,11.7186,7.8289,186.2
2013-11-30,7.19,5.47,73.0,1.79,5808.0,5509.0,7380.0,7383.0,0.0046,2003.0,2198.0,2722.0,1553.0,488.0,3363.0,1766.0,673.0,597.0,428.0,136300.0,65200.0,0.018,187600.0,382800.0,0.95882352941176,6.1861,171970.0,114.812,100.5953,117.6554,10.7061,7.6318,181.2
2013-12-31,7.19,4.43,76.0,2.88,5756.0,5751.0,7083.0,7597.0,0.0051,1412.0,2094.0,2781.0,1483.0,568.0,3236.0,1706.0,649.0,567.0,456.0,136900.0,66400.0,0.0205,188200.0,376500.0,0.95652173913043,6.4255,174550.0,115.9681,103.0907,118.0074,10.92,7.3473,176.5
2014-01-31,7.81,3.87,88.0,2.22,5664.0,5902.0,7876.0,7856.0,0.0046,2202.0,2101.0,2623.0,1446.0,443.0,3208.0,1680.0,650.0,538.0,385.0,136300.0,66200.0,0.0271,189900.0,364300.0,0.95416345682471,6.2993,175225.0,116.4754,103.1097,118.4591,13.0551,7.2155,171.5
2014-02-28,8.12,3.02,88.0,1.5,6224.0,6076.0,7908.0,7941.0,0.0052,2119.0,2058.0,2970.0,1649.0,566.0,3227.0,1688.0,651.0,532.0,463.0,138300.0,67300.0,0.0239,189600.0,386100.0,0.95690476190476,5.7406,175140.0,116.4213,107.4113,117.7676,13.3769,7.0153,166.8
2014-03-31,7.5,2.17,80.0,1.96,6308.0,6227.0,8184.0,8075.0,0.0056,2136.0,2022.0,3231.0,1797.0,626.0,3222.0,1703.0,636.0,517.0,494.0,138100.0,67300.0,0.0204,192300.0,389400.0,0.95507818066774,5.3049,176835.0,117.9394,111.4326,118.8953,12.7643,6.9083,162.7
2014-04-30,7.5,1.89,78.0,1.84,6405.0,6276.0,8823.0,8186.0,0.0061,2434.0,2056.0,3341.0,1769.0,753.0,3165.0,1708.0,641.0,502.0,557.0,139700.0,68300.0,0.0204,194700.0,399700.0,0.95545513234345,4.9425,177900.0,116.5671,110.4974,118.362,12.7734,6.7899,158.3
2014-05-31,7.5,1.7,81.0,1.64,6298.0,6217.0,8106.0,7983.0,0.0064,2105.0,1957.0,3418.0,1809.0,728.0,3042.0,1677.0,615.0,473.0,577.0,138800.0,69000.0,0.0231,195900.0,379000.0,0.95628415300546,4.8051,180900.0,116.5262,108.9426,118.5787,12.3068,6.6406,154.2
2014-06-30,7.19,1.42,83.0,1.67,6077.0,6148.0,7818.0,7921.0,0.0069,1792.0,1905.0,3749.0,1954.0,762.0,3125.0,1703.0,634.0,496.0,629.0,139200.0,71600.0,0.0168,193900.0,379000.0,0.95910400559521,4.5019,182665.0,118.1618,108.313,120.331,13.6738,6.6078,150.1
2014-07-31,7.5,1.23,87.0,2.22,6002.0,6143.0,8185.0,8014.0,0.0059,2178.0,1974.0,3245.0,1682.0,710.0,3096.0,1673.0,621.0,495.0,547.0,139800.0,72700.0,0.025,195200.0,374700.0,0.9598191762023,4.8737,186325.0,118.7473,107.2875,120.9656,12.1808,6.5168,146.6
2014-08-31,7.5,1.04,86.0,1.52,5941.0,6120.0,7570.0,7880.0,0.0063,1828.0,1873.0,3538.0,1755.0,655.0,3176.0,1672.0,618.0,496.0,521.0,141000.0,69600.0,0.0201,196800.0,374300.0,0.95465966194609,4.5404,188875.0,120.1732,111.9301,121.7256,11.7904,6.4147,143.5
2014-09-30,7.5,1.13,83.0,1.4,5867.0,5974.0,7514.0,7756.0,0.0055,1623.0,1788.0,3034.0,1584.0,650.0,3122.0,1628.0,622.0,497.0,484.0,142900.0,68500.0,0.0188,199100.0,371700.0,0.95584815321477,4.3478,189500.0,120.03,111.1219,122.128,11.7967,6.3596,140.4
2014-10-31,7.5,1.32,83.0,1.62,5869.0,5771.0,7905.0,7672.0,0.0054,2019.0,1856.0,2980.0,1553.0,653.0,3106.0,1618.0,635.0,493.0,486.0,143100.0,66700.0,0.0181,197700.0,372600.0,0.95384615384615,4.7412,187150.0,118.7577,108.3783,120.9098,11.7879,6.3159,137.9
2014-11-30,7.5,1.6,82.0,1.26,5947.0,5711.0,7468.0,7578.0,0.0044,1654.0,1921.0,2519.0,1393.0,459.0,3047.0,1582.0,649.0,503.0,373.0,142500.0,69400.0,0.0151,197500.0,372800.0,0.95161290322581,4.5989,186250.0,118.616,104.623,121.7245,11.4222,6.2584,134.8
2014-12-31,8.12,1.79,83.0,1.38,5732.0,5732.0,7244.0,7523.0,0.0057,1437.0,1963.0,2992.0,1495.0,614.0,3100.0,1588.0,659.0,525.0,546.0,144300.0,72600.0,0.0197,199500.0,381700.0,0.95608671484158,4.0632,186955.0,120.016,109.667,122.6054,11.6195,6.2582,132.8
2015-01-31,8.12,2.08,90.0,1.5,5466.0,5684.0,7129.0,7435.0,0.0045,1974.0,1950.0,2527.0,1407.0,426.0,3161.0,1610.0,645.0,558.0,411.0,142700.0,71400.0,0.0178,202900.0,387200.0,0.95541136495084,3.6974,188245.0,121.1001,112.5801,122.7979,10.6184,6.3671,130.6
2015-02-28,7.81,2.45,84.0,1.18,5746.0,5609.0,7525.0,7427.0,0.0049,1952.0,1901.0,2750.0,1505.0,591.0,3180.0,1626.0,670.0,573.0,456.0,146400.0,71800.0,0.0178,206300.0,398300.0,0.96045594739816,3.5471,192350.0,121.408,114.677,122.4692,11.3549,6.3306,128.4
2015-03-31,8.12,3.49,68.0,1.55,5586.0,5472.0,7648.0,7488.0,0.0066,2085.0,1907.0,3377.0,1642.0,763.0,3143.0,1589.0,679.0,582.0,677.0,149200.0,73100.0,0.0166,206400.0,393500.0,0.96557728421768,3.7788,191900.0,121.6202,114.8125,123.1427,11.6076,6.4315,126.4
2015-04-30,7.5,4.15,69.0,1.28,5317.0,5239.0,7952.0,7294.0,0.0067,2264.0,1912.0,3406.0,1638.0,811.0,3147.0,1567.0,710.0,595.0,692.0,154900.0,78800.0,0.0159,205900.0,394100.0,0.96842105263158,3.8239,194865.0,122.4053,115.4856,124.2625,10.4657,6.5098,124.7
2015-05-31,7.5,5.19,64.0,0.89,5078.0,5076.0,6846.0,6903.0,0.0072,1933.0,1842.0,3679.0,1735.0,858.0,3185.0,1564.0,710.0,630.0,804.0,159200.0,82400.0,0.0133,205500.0,397100.0,0.97128712599204,3.6324,197785.0,125.682,116.3683,127.3933,8.8859,6.5605,122.7
2015-06-30,7.5,5.38,67.0,0.89,5070.0,5085.0,6935.0,6941.0,0.008,1862.0,1913.0,3967.0,1742.0,924.0,3285.0,1575.0,732.0,662.0,859.0,161400.0,83600.0,0.0124,206700.0,402300.0,0.96937354328918,3.5919,204700.0,127.4277,117.53,129.2564,8.9927,6.6412,120.9
2015-07-31,7.5,5.85,63.0,1.18,5005.0,5130.0,7317.0,7119.0,0.0072,2243.0,2003.0,3737.0,1825.0,910.0,3389.0,1632.0,760.0,659.0,678.0,162700.0,84300.0,0.0145,208900.0,400100.0,0.97221427936,3.9281,205500.0,127.5555,116.385,129.4069,9.3038,6.7522,118.0
2015-08-31,7.19,6.23,64.0,0.82,4898.0,5110.0,6605.0,7146.0,0.0064,1724.0,2000.0,3391.0,1654.0,803.0,3346.0,1622.0,767.0,635.0,641.0,161900.0,86500.0,0.0124,209400.0,397400.0,0.97142857142857,3.775,202900.0,127.266,117.3987,128.9048,9.2925,6.8313,114.6
2015-09-30,7.19,6.04,69.0,1.01,4908.0,5215.0,7381.0,7338.0,0.0062,2263.0,2104.0,3272.0,1673.0,746.0,3310.0,1672.0,757.0,617.0,608.0,161200.0,86700.0,0.0089,211700.0,395800.0,0.96971251768584,3.4935,199600.0,127.758,116.3883,129.8254,8.6482,6.9104,111.2
2015-10-31,7.19,5.66,66.0,1.45,5788.0,5446.0,7453.0,7377.0,0.0066,2095.0,2062.0,3366.0,1609.0,712.0,3270.0,1635.0,732.0,649.0,715.0,163300.0,87600.0,0.0125,213500.0,415600.0,0.96869967947375,3.4431,195300.0,127.7077,117.6408,129.5793,8.5393,7.0025,108.0
2015-11-30,6.88,5.28,69.0,0.89,5748.0,5374.0,7296.0,7337.0,0.0049,1666.0,1961.0,2584.0,1273.0,550.0,3282.0,1587.0,742.0,661.0,457.0,165300.0,87100.0,0.0097,216300.0,417900.0,0.96559673544375,2.9077,196900.0,128.5473,119.1501,130.1333,8.2709,7.0444,104.4
2015-12-31,6.56,5.09,71.5,1.16,4835.0,5029.0,7038.0,7202.0,0.0063,1477.0,1950.0,2939.0,1396.0,782.0,3235.0,1527.0,782.0,620.0,494.0,168000.0,89300.0,0.0085,217500.0,415900.0,0.96626643796455,3.0602,202800.0,129.2264,121.5157,130.6633,7.5951,7.251,101.0
2016-01-31,6.88,4.72,82.0,1.25,4608.0,4812.0,6377.0,6822.0,0.0051,1826.0,1878.0,2608.0,1317.0,532.0,3202.0,1494.0,801.0,583.0,424.0,168400.0,91600.0,0.0088,218500.0,399100.0,0.96296296296296,3.0982,201300.0,130.0836,120.7944,132.0421,8.6314,7.2077,95.9
2016-02-29,6.56,4.06,80.0,1.08,4834.0,4776.0,6742.0,6755.0,0.0054,1939.0,1929.0,2790.0,1420.0,602.0,3210.0,1525.0,787.0,588.0,524.0,169800.0,94200.0,0.0122,220100.0,413000.0,0.96774193548387,3.1884,199900.0,129.9786,118.1057,132.8448,9.0405,7.2285,92.1
2016-03-31,6.88,3.58,69.0,1.35,4933.0,4848.0,7291.0,6870.0,0.0074,2404.0,2046.0,3653.0,1672.0,874.0,3278.0,1533.0,770.0,635.0,744.0,171400.0,96500.0,0.0131,221100.0,422700.0,0.96875,3.342,203375.0,131.6328,118.8252,134.8632,9.0778,7.2591,88.8
2016-04-30,6.88,3.4,65.0,1.01,5076.0,5183.0,7019.0,6983.0,0.0074,2224.0,1993.0,3584.0,1727.0,855.0,3303.0,1575.0,761.0,664.0,765.0,173200.0,99100.0,0.0103,223400.0,432800.0,0.97312326227989,3.0979,206225.0,133.3345,122.2562,135.8921,8.359,7.247,
2016-05-31,6.56,3.21,69.0,1.01,6048.0,5686.0,7883.0,7512.0,0.0072,2032.0,1982.0,3514.0,1630.0,915.0,3277.0,1570.0,773.0,650.0,724.0,175000.0,102000.0,0.008,224000.0,410900.0,0.9727626459144,2.8741,212900.0,135.2148,130.0561,136.3703,7.3111,7.3528,
2016-06-30,6.56,2.92,68.0,1.35,5871.0,5903.0,8316.0,7938.0,0.0075,2280.0,2066.0,3728.0,1745.0,961.0,3223.0,1572.0,771.0,642.0,786.0,175900.0,102500.0,0.008,225700.0,407800.0,0.97186118138081,2.4158,215725.0,135.9413,127.8255,137.0292,7.3396,7.2614,
2016-07-31,6.56,2.64,69.0,1.32,5739.0,5885.0,7551.0,7917.0,0.0068,1917.0,2076.0,3491.0,1736.0,856.0,3195.0,1573.0,770.0,612.0,660.0,176800.0,102400.0,0.0069,226300.0,406300.0,0.97142857142857,2.0662,,135.6879,129.5117,137.2084,7.3603,7.1367,
2016-08-31,6.56,2.36,72.0,1.49,5647.0,5856.0,7927.0,7875.0,0.0071,2222.0,2124.0,3576.0,1646.0,903.0,3257.0,1592.0,792.0,628.0,702.0,179100.0,104900.0,0.0109,227900.0,415400.0,0.97058823529412,1.9257,,133.0,,,7.4866,7.0957,
2016-09-30,6.56,2.55,69.0,1.01,5638.0,5756.0,7396.0,7681.0,0.0064,2070.0,2095.0,3268.0,1540.0,851.0,3289.0,1596.0,806.0,626.0,595.0,181900.0,106700.0,0.0113,229700.0,418800.0,0.96989966555184,1.6458,,133.0,,,7.0284,7.033,
2016-10-31,6.56,2.74,69.0,0.84,5730.0,5616.0,7460.0,7502.0,0.0067,1934.0,2009.0,3313.0,1557.0,826.0,3308.0,1570.0,836.0,622.0,590.0,184500.0,109400.0,0.0094,228200.0,412000.0,0.96744186046512,1.4258,,134.0,,,7.3366,6.9189,
2016-11-30,6.88,3.11,68.0,1.06,5790.0,5540.0,7728.0,7501.0,0.0063,1943.0,2061.0,3097.0,1447.0,685.0,3472.0,1589.0,878.0,691.0,625.0,186800.0,113000.0,0.0116,229100.0,426500.0,0.96989966555184,1.3401,,135.0,,,7.7216,6.9137,
2016-12-31,6.56,3.3,73.0,0.91,5426.0,5523.0,6769.0,7356.0,0.0064,1461.0,2044.0,3141.0,1472.0,725.0,3500.0,1601.0,863.0,709.0,646.0,186800.0,114300.0,0.0124,228200.0,425000.0,0.96774193548387,1.2553,,137.0,,,7.6247,6.6661,
2017-01-31,6.88,3.68,79.0,0.7,5310.0,5509.0,7033.0,7309.0,0.0052,1951.0,1936.0,2739.0,1392.0,647.0,3539.0,1616.0,899.0,726.0,451.0,188600.0,114000.0,0.0099,231600.0,426100.0,0.96826387511254,1.2964,,137.0,,,7.1416,6.6612,
2017-02-28,6.88,3.96,76.5,0.6,5590.0,5499.0,7601.0,7569.0,0.0057,1953.0,1980.0,2866.0,1423.0,651.0,3367.0,1583.0,843.0,659.0,533.0,189000.0,114500.0,0.0091,232500.0,405400.0,0.9697280656747,1.2354,,138.0,,,6.8268,6.5987,
2017-03-31,6.25,4.25,63.0,0.62,5607.0,5496.0,8191.0,7656.0,0.0079,2489.0,2149.0,3777.0,1772.0,943.0,3400.0,1595.0,867.0,658.0,766.0,190900.0,115700.0,0.0119,235300.0,412300.0,0.97359295812217,1.1772,,138.0,,,6.3915,6.5234,
2017-04-30,6.25,4.34,64.0,0.46,5600.0,5465.0,7551.0,7478.0,0.007,2485.0,2258.0,3474.0,1667.0,890.0,3336.0,1587.0,812.0,638.0,642.0,190000.0,117400.0,0.0069,236100.0,417000.0,0.97525773195876,0.8202,,139.0,,,6.336,6.2974,
2017-05-31,6.25,4.53,63.0,0.46,5514.0,5392.0,7958.0,7370.0,0.0086,2503.0,2256.0,4062.0,1740.0,1075.0,3442.0,1615.0,848.0,633.0,770.0,190700.0,118600.0,0.0054,237600.0,427300.0,0.97549392812837,0.5184,,140.0,,,5.6575,6.131,
2017-06-30,5.62,4.62,63.0,0.41,5298.0,5354.0,7153.0,7237.0,0.0085,2192.0,2114.0,4046.0,1855.0,1081.0,3442.0,1620.0,859.0,619.0,793.0,191200.0,120900.0,0.003,239500.0,425400.0,0.97698597954057,0.3565,,141.0,,,5.6756,6.0805,
2017-07-31,5.62,4.91,63.0,0.41,5263.0,5381.0,7046.0,7239.0,0.0068,1814.0,1992.0,3367.0,1627.0,841.0,3409.0,1604.0,843.0,624.0,653.0,193600.0,121300.0,0.0053,241200.0,427400.0,0.975,0.427,,,,,5.7281,6.0812,
2017-08-31,5.62,5.0,62.0,0.72,5156.0,5384.0,7372.0,7338.0,0.0076,2150.0,2038.0,3585.0,1658.0,884.0,3314.0,1594.0,815.0,634.0,722.0,194700.0,121600.0,0.005,241900.0,423600.0,0.97647058823529,0.4927,,,,,5.9816,6.1026,
2017-09-30,5.62,5.57,63.0,0.5,5190.0,5302.0,6847.0,7136.0,0.0068,1958.0,1994.0,3196.0,1526.0,817.0,3229.0,1561.0,785.0,612.0,545.0,195600.0,124300.0,0.0044,241000.0,424400.0,0.9726443768997,,,,,,,,
2017-10-31,5.62,5.75,64.0,0.72,5288.0,5185.0,6918.0,7018.0,0.0072,1818.0,1911.0,3433.0,1532.0,823.0,3326.0,1560.0,818.0,621.0,622.0,197600.0,128500.0,0.0035,243400.0,423200.0,0.97419589236436,,,,,,,,
2017-11-30,5.94,6.13,64.0,1.31,5378.0,5143.0,7390.0,7102.0,0.0063,1872.0,1967.0,2998.0,1473.0,790.0,3447.0,1585.0,915.0,646.0,542.0,200400.0,133800.0,0.0067,245600.0,430100.0,0.97058823529412,,,,,,,,
2017-12-31,5.62,6.42,66.0,0.76,5066.0,5138.0,6341.0,7074.0,0.007,1321.0,2059.0,3227.0,1455.0,812.0,3530.0,1596.0,942.0,679.0,636.0,202700.0,130800.0,0.0062,247500.0,438700.0,0.96773152629881,,,,,,,,
2018-01-31,5.94,6.7,77.0,0.62,4863.0,5087.0,7042.0,7052.0,0.0059,2352.0,2188.0,2864.0,1383.0,664.0,3582.0,1616.0,988.0,733.0,553.0,206700.0,131000.0,0.0045,248900.0,453700.0,0.97142857142857,,,,,,,,
2018-02-28,5.94,7.83,71.0,0.72,5131.0,5059.0,6958.0,6953.0,0.0068,2308.0,2227.0,3377.0,1495.0,880.0,3644.0,1599.0,975.0,724.0,583.0,210700.0,127800.0,0.0038,249400.0,458100.0,0.97402597402597,,,,,,,,
2018-03-31,6.25,8.87,57.0,0.69,5212.0,5115.0,7013.0,6822.0,0.0078,2388.0,2092.0,3782.0,1715.0,1027.0,3648.0,1599.0,993.0,723.0,756.0,213600.0,133900.0,0.0029,251700.0,456600.0,0.97846153846154,,,,,,,,
2018-04-30,5.94,9.62,54.0,0.38,5341.0,5184.0,7234.0,6962.0,0.0079,2123.0,2044.0,3887.0,1587.0,1026.0,3660.0,1570.0,970.0,701.0,796.0,216400.0,135100.0,0.0046,252900.0,447500.0,0.9811320754717,,,,,,,,
2018-05-31,5.94,9.81,55.0,0.43,5332.0,5225.0,7734.0,7160.0,0.0082,2487.0,2157.0,3986.0,1728.0,1108.0,3550.0,1568.0,923.0,700.0,860.0,215900.0,138100.0,0.0023,255500.0,445400.0,0.98214285714286,,,,,,,,
2018-06-30,5.94,9.91,55.0,0.29,5282.0,5266.0,7129.0,7104.0,0.0081,2207.0,2095.0,3938.0,1702.0,1072.0,3516.0,1545.0,906.0,687.0,782.0,216200.0,137200.0,0.0033,258500.0,448500.0,0.98070719602978,,,,,,,,
2018-07-31,5.62,9.72,57.0,0.55,5145.0,5287.0,6812.0,7068.0,0.0079,1731.0,1939.0,3910.0,1599.0,1052.0,3524.0,1546.0,912.0,707.0,854.0,218300.0,141100.0,0.0036,259100.0,462200.0,0.98245614035088,,,,,,,,
2018-08-31,6.25,9.43,57.0,0.41,5035.0,5255.0,7175.0,7142.0,0.0076,2077.0,1940.0,3710.0,1657.0,951.0,3489.0,1539.0,895.0,695.0,733.0,218800.0,141100.0,0.0013,259600.0,469200.0,0.97759086058628,,,,,,,,
2018-09-30,5.94,9.06,60.0,0.26,5027.0,5165.0,6687.0,7100.0,0.006,1790.0,1999.0,3024.0,1436.0,809.0,3378.0,1521.0,865.0,675.0,543.0,220000.0,146300.0,0.0026,259100.0,468300.0,0.97345132743363,,,,,,,,
2018-10-31,5.94,8.96,60.0,0.38,5185.0,5094.0,7287.0,7004.0,0.0069,2242.0,2065.0,3393.0,1441.0,908.0,3293.0,1498.0,864.0,645.0,686.0,219500.0,148900.0,0.0056,259200.0,470200.0,0.97444132544851,,,,,,,,
2018-11-30,5.94,8.58,60.0,,5372.0,5130.0,6737.0,6883.0,,1790.0,2021.0,3066.0,1429.0,763.0,3403.0,1507.0,929.0,717.0,654.0,223700.0,153800.0,0.0046,261800.0,480700.0,0.97332852679644,,,,,,,,
2018-12-31,5.94,8.77,63.0,,5110.0,5257.0,6376.0,7008.0,,1263.0,1997.0,2941.0,1403.0,762.0,3441.0,1530.0,940.0,721.0,553.0,224200.0,150400.0,0.0061,262000.0,483200.0,0.97260156177373,,,,,,,,
2019-01-31,5.62,8.3,75.0,,5232.0,5418.0,7329.0,7304.0,,2296.0,2080.0,2590.0,1230.0,635.0,3392.0,1521.0,943.0,737.0,516.0,227000.0,147000.0,0.0054,265200.0,475400.0,0.96935584740463,,,,,,,,
2019-02-28,5.94,7.92,72.0,,5656.0,5529.0,7333.0,7360.0,,2051.0,2059.0,2907.0,1374.0,785.0,3248.0,1478.0,904.0,662.0,546.0,227900.0,147800.0,0.0041,265600.0,468400.0,0.97033898305085,,,,,,,,
2019-03-31,6.25,7.08,61.0,,5666.0,5553.0,7610.0,7307.0,,2299.0,1956.0,3676.0,1624.0,914.0,3322.0,1468.0,906.0,713.0,830.0,232300.0,151800.0,0.0035,268400.0,477400.0,0.97495183044316,,,,,,,,
2019-04-30,6.56,6.89,61.0,,5673.0,5441.0,7621.0,7318.0,,2028.0,1881.0,4019.0,1670.0,1157.0,3489.0,1525.0,936.0,723.0,845.0,233100.0,156400.0,0.0015,270300.0,485100.0,0.97530663454041,,,,,,,,
2019-05-31,5.94,7.45,57.0,,5272.0,5181.0,7809.0,7186.0,,2124.0,1846.0,4320.0,1704.0,1288.0,3656.0,1559.0,977.0,782.0,1024.0,235200.0,155900.0,0.0039,271000.0,489400.0,0.97999599839936,,,,,,,,
2019-06-30,5.94,8.49,59.0,,4923.0,4928.0,6743.0,6865.0,,1798.0,1854.0,3940.0,1576.0,1219.0,3656.0,1526.0,1035.0,768.0,862.0,236900.0,156700.0,0.003,271500.0,489900.0,0.9798183447377,,,,,,,,
2019-07-31,5.94,9.34,59.0,,4588.0,4714.0,6582.0,6523.0,,1949.0,1894.0,3942.0,1700.0,1196.0,3633.0,1533.0,1045.0,760.0,809.0,237600.0,157300.0,0.0025,270800.0,485300.0,0.98004900245012,,,,,,,,
2019-08-31,5.62,10.0,,,4217.0,4543.0,5833.0,6223.0,,1851.0,1878.0,3852.0,1629.0,1116.0,3543.0,1525.0,1028.0,708.0,748.0,235700.0,154800.0,0.0021,270000.0,477500.0,,,,,,,,,
